{
	"textures": {
		"layer0": "item/armor/netherite_layer_1",
		"layer1": "item/armor/transparency"
	},
	"elements": [
		{
			"from": [4, 0, 6],
			"to": [12, 12, 6],
			"rotation": {"angle": 0, "axis": "y", "origin": [0, 1, 2]},
			"faces": {
				"north": {"uv": [5, 10, 7, 16], "texture": "#layer0"},
				"east": {"uv": [5, 10, 7, 16], "texture": "#layer0"},
				"south": {"uv": [7, 10, 5, 16], "texture": "#layer0"},
				"west": {"uv": [5, 10, 7, 16], "texture": "#layer0"},
				"up": {"uv": [5, 10, 7, 16], "texture": "#layer0"},
				"down": {"uv": [5, 10, 7, 16], "texture": "#layer0"}
			}
		},
		{
			"from": [4, 0, 10],
			"to": [12, 12, 10],
			"rotation": {"angle": 0, "axis": "y", "origin": [0, 1, 2]},
			"faces": {
				"north": {"uv": [10, 10, 8, 16], "texture": "#layer0"},
				"east": {"uv": [8, 10, 10, 16], "texture": "#layer0"},
				"south": {"uv": [8, 10, 10, 16], "texture": "#layer0"},
				"west": {"uv": [8, 10, 10, 16], "texture": "#layer0"},
				"up": {"uv": [8, 10, 10, 16], "texture": "#layer0"},
				"down": {"uv": [8, 10, 10, 16], "texture": "#layer0"}
			}
		},
		{
			"from": [4, 3, 6],
			"to": [4, 12, 10],
			"rotation": {"angle": 0, "axis": "y", "origin": [0, 1, 2]},
			"faces": {
				"north": {"uv": [4, 10, 5, 14.5], "texture": "#layer0"},
				"east": {"uv": [4, 10, 5, 14.5], "texture": "#layer0"},
				"south": {"uv": [4, 10, 5, 14.5], "texture": "#layer0"},
				"west": {"uv": [4, 10, 5, 14.5], "texture": "#layer0"},
				"up": {"uv": [4, 10, 5, 14.5], "texture": "#layer0"},
				"down": {"uv": [4, 10, 5, 14.5], "texture": "#layer0"}
			}
		},
		{
			"from": [12, 3, 6],
			"to": [12, 12, 10],
			"rotation": {"angle": 0, "axis": "y", "origin": [0, 1, 2]},
			"faces": {
				"north": {"uv": [7, 10, 8, 14.5], "texture": "#layer0"},
				"east": {"uv": [7, 10, 8, 14.5], "texture": "#layer0"},
				"south": {"uv": [7, 10, 8, 14.5], "texture": "#layer0"},
				"west": {"uv": [7, 10, 8, 14.5], "texture": "#layer0"},
				"up": {"uv": [7, 10, 8, 14.5], "texture": "#layer0"},
				"down": {"uv": [7, 10, 8, 14.5], "texture": "#layer0"}
			}
		},
		{
			"from": [4, 5, 6],
			"to": [4, 12, 10],
			"rotation": {"angle": -22.5, "axis": "z", "origin": [4, 12, 8]},
			"faces": {
				"north": {"uv": [12, 10, 13, 13.5], "texture": "#layer0"},
				"east": {"uv": [12, 10, 13, 13.5], "texture": "#layer0"},
				"south": {"uv": [12, 10, 13, 13.5], "texture": "#layer0"},
				"west": {"uv": [12, 10, 13, 13.5], "texture": "#layer0"},
				"up": {"uv": [12, 10, 13, 13.5], "texture": "#layer0"},
				"down": {"uv": [12, 10, 13, 13.5], "texture": "#layer0"}
			}
		},
		{
			"from": [0, 5, 6],
			"to": [0, 12, 10],
			"rotation": {"angle": -22.5, "axis": "z", "origin": [4, 12, 8]},
			"faces": {
				"north": {"uv": [10, 10, 11, 13.5], "texture": "#layer0"},
				"east": {"uv": [10, 10, 11, 13.5], "texture": "#layer0"},
				"south": {"uv": [10, 10, 11, 13.5], "texture": "#layer0"},
				"west": {"uv": [10, 10, 11, 13.5], "texture": "#layer0"},
				"up": {"uv": [10, 10, 11, 13.5], "texture": "#layer0"},
				"down": {"uv": [10, 10, 11, 13.5], "texture": "#layer0"}
			}
		},
		{
			"from": [0, 5, 6],
			"to": [4, 12, 6],
			"rotation": {"angle": -22.5, "axis": "z", "origin": [4, 12, 8]},
			"faces": {
				"north": {"uv": [13, 10, 14, 13.5], "texture": "#layer0"},
				"east": {"uv": [13, 10, 14, 13.5], "texture": "#layer0"},
				"south": {"uv": [14, 10, 13, 13.5], "texture": "#layer0"},
				"west": {"uv": [13, 10, 14, 13.5], "texture": "#layer0"},
				"up": {"uv": [13, 10, 14, 13.5], "texture": "#layer0"},
				"down": {"uv": [13, 10, 14, 13.5], "texture": "#layer0"}
			}
		},
		{
			"from": [0, 5, 10],
			"to": [4, 12, 10],
			"rotation": {"angle": -22.5, "axis": "z", "origin": [4, 12, 8]},
			"faces": {
				"north": {"uv": [12, 10, 11, 13.5], "texture": "#layer0"},
				"east": {"uv": [11, 10, 12, 13.5], "texture": "#layer0"},
				"south": {"uv": [11, 10, 12, 13.5], "texture": "#layer0"},
				"west": {"uv": [11, 10, 12, 13.5], "texture": "#layer0"},
				"up": {"uv": [11, 10, 12, 13.5], "texture": "#layer0"},
				"down": {"uv": [11, 10, 12, 13.5], "texture": "#layer0"}
			}
		},
		{
			"from": [12, 5, 10],
			"to": [16, 12, 10],
			"rotation": {"angle": 22.5, "axis": "z", "origin": [12, 12, 8]},
			"faces": {
				"north": {"uv": [11, 10, 12, 13.5], "texture": "#layer0"},
				"east": {"uv": [11, 10, 12, 13.5], "texture": "#layer0"},
				"south": {"uv": [12, 10, 11, 13.5], "texture": "#layer0"},
				"west": {"uv": [11, 10, 12, 13.5], "texture": "#layer0"},
				"up": {"uv": [11, 10, 12, 13.5], "texture": "#layer0"},
				"down": {"uv": [11, 10, 12, 13.5], "texture": "#layer0"}
			}
		},
		{
			"from": [12, 5, 6],
			"to": [12, 12, 10],
			"rotation": {"angle": 22.5, "axis": "z", "origin": [12, 12, 8]},
			"faces": {
				"north": {"uv": [12, 10, 13, 13.5], "texture": "#layer0"},
				"east": {"uv": [12, 10, 13, 13.5], "texture": "#layer0"},
				"south": {"uv": [12, 10, 13, 13.5], "texture": "#layer0"},
				"west": {"uv": [12, 10, 13, 13.5], "texture": "#layer0"},
				"up": {"uv": [12, 10, 13, 13.5], "texture": "#layer0"},
				"down": {"uv": [12, 10, 13, 13.5], "texture": "#layer0"}
			}
		},
		{
			"from": [12, 5, 6],
			"to": [16, 12, 6],
			"rotation": {"angle": 22.5, "axis": "z", "origin": [12, 12, 8]},
			"faces": {
				"north": {"uv": [14, 10, 13, 13.5], "texture": "#layer0"},
				"east": {"uv": [14, 10, 13, 13.5], "texture": "#layer0"},
				"south": {"uv": [13, 10, 14, 13.5], "texture": "#layer0"},
				"west": {"uv": [14, 10, 13, 13.5], "texture": "#layer0"},
				"up": {"uv": [14, 10, 13, 13.5], "texture": "#layer0"},
				"down": {"uv": [14, 10, 13, 13.5], "texture": "#layer0"}
			}
		},
		{
			"from": [16, 5, 6],
			"to": [16, 12, 10],
			"rotation": {"angle": 22.5, "axis": "z", "origin": [12, 12, 8]},
			"faces": {
				"north": {"uv": [10, 10, 11, 13.5], "texture": "#layer0"},
				"east": {"uv": [10, 10, 11, 13.5], "texture": "#layer0"},
				"south": {"uv": [10, 10, 11, 13.5], "texture": "#layer0"},
				"west": {"uv": [10, 10, 11, 13.5], "texture": "#layer0"},
				"up": {"uv": [10, 10, 11, 13.5], "texture": "#layer0"},
				"down": {"uv": [10, 10, 11, 13.5], "texture": "#layer0"}
			}
		},
		{
			"from": [12, 12, 6],
			"to": [16, 12, 10],
			"rotation": {"angle": 22.5, "axis": "z", "origin": [12, 12, 8]},
			"faces": {
				"north": {"uv": [12, 10, 11, 8], "texture": "#layer0"},
				"east": {"uv": [12, 10, 11, 8], "texture": "#layer0"},
				"south": {"uv": [12, 10, 11, 8], "texture": "#layer0"},
				"west": {"uv": [12, 10, 11, 8], "texture": "#layer0"},
				"up": {"uv": [12, 10, 11, 8], "texture": "#layer0"},
				"down": {"uv": [12, 10, 11, 8], "texture": "#layer0"}
			}
		},
		{
			"from": [0, 12, 6],
			"to": [4, 12, 10],
			"rotation": {"angle": -22.5, "axis": "z", "origin": [4, 12, 8]},
			"faces": {
				"north": {"uv": [11, 10, 12, 8], "texture": "#layer0"},
				"east": {"uv": [11, 10, 12, 8], "texture": "#layer0"},
				"south": {"uv": [11, 10, 12, 8], "texture": "#layer0"},
				"west": {"uv": [11, 10, 12, 8], "texture": "#layer0"},
				"up": {"uv": [11, 10, 12, 8], "texture": "#layer0"},
				"down": {"uv": [11, 10, 12, 8], "texture": "#layer0"}
			}
		},
		{
			"from": [4, 0, 6],
			"to": [12, 12, 6],
			"rotation": {"angle": 0, "axis": "y", "origin": [0, 1, 2]},
			"faces": {
				"north": {"uv": [5, 10, 7, 16], "texture": "#layer1", "tintindex": 0},
				"east": {"uv": [5, 10, 7, 16], "texture": "#layer1", "tintindex": 0},
				"south": {"uv": [7, 10, 5, 16], "texture": "#layer1", "tintindex": 0},
				"west": {"uv": [5, 10, 7, 16], "texture": "#layer1", "tintindex": 0},
				"up": {"uv": [5, 10, 7, 16], "texture": "#layer1", "tintindex": 0},
				"down": {"uv": [5, 10, 7, 16], "texture": "#layer1", "tintindex": 0}
			}
		},
		{
			"from": [4, 0, 10],
			"to": [12, 12, 10],
			"rotation": {"angle": 0, "axis": "y", "origin": [0, 1, 2]},
			"faces": {
				"north": {"uv": [10, 10, 8, 16], "texture": "#layer1", "tintindex": 0},
				"east": {"uv": [8, 10, 10, 16], "texture": "#layer1", "tintindex": 0},
				"south": {"uv": [8, 10, 10, 16], "texture": "#layer1", "tintindex": 0},
				"west": {"uv": [8, 10, 10, 16], "texture": "#layer1", "tintindex": 0},
				"up": {"uv": [8, 10, 10, 16], "texture": "#layer1", "tintindex": 0},
				"down": {"uv": [8, 10, 10, 16], "texture": "#layer1", "tintindex": 0}
			}
		},
		{
			"from": [4, 3, 6],
			"to": [4, 12, 10],
			"rotation": {"angle": 0, "axis": "y", "origin": [0, 1, 2]},
			"faces": {
				"north": {"uv": [4, 10, 5, 14.5], "texture": "#layer1", "tintindex": 0},
				"east": {"uv": [4, 10, 5, 14.5], "texture": "#layer1", "tintindex": 0},
				"south": {"uv": [4, 10, 5, 14.5], "texture": "#layer1", "tintindex": 0},
				"west": {"uv": [4, 10, 5, 14.5], "texture": "#layer1", "tintindex": 0},
				"up": {"uv": [4, 10, 5, 14.5], "texture": "#layer1", "tintindex": 0},
				"down": {"uv": [4, 10, 5, 14.5], "texture": "#layer1", "tintindex": 0}
			}
		},
		{
			"from": [12, 3, 6],
			"to": [12, 12, 10],
			"rotation": {"angle": 0, "axis": "y", "origin": [0, 1, 2]},
			"faces": {
				"north": {"uv": [7, 10, 8, 14.5], "texture": "#layer1", "tintindex": 0},
				"east": {"uv": [7, 10, 8, 14.5], "texture": "#layer1", "tintindex": 0},
				"south": {"uv": [7, 10, 8, 14.5], "texture": "#layer1", "tintindex": 0},
				"west": {"uv": [7, 10, 8, 14.5], "texture": "#layer1", "tintindex": 0},
				"up": {"uv": [7, 10, 8, 14.5], "texture": "#layer1", "tintindex": 0},
				"down": {"uv": [7, 10, 8, 14.5], "texture": "#layer1", "tintindex": 0}
			}
		},
		{
			"from": [4, 5, 6],
			"to": [4, 12, 10],
			"rotation": {"angle": -22.5, "axis": "z", "origin": [4, 12, 8]},
			"faces": {
				"north": {"uv": [12, 10, 13, 13.5], "texture": "#layer1", "tintindex": 0},
				"east": {"uv": [12, 10, 13, 13.5], "texture": "#layer1", "tintindex": 0},
				"south": {"uv": [12, 10, 13, 13.5], "texture": "#layer1", "tintindex": 0},
				"west": {"uv": [12, 10, 13, 13.5], "texture": "#layer1", "tintindex": 0},
				"up": {"uv": [12, 10, 13, 13.5], "texture": "#layer1", "tintindex": 0},
				"down": {"uv": [12, 10, 13, 13.5], "texture": "#layer1", "tintindex": 0}
			}
		},
		{
			"from": [0, 5, 6],
			"to": [0, 12, 10],
			"rotation": {"angle": -22.5, "axis": "z", "origin": [4, 12, 8]},
			"faces": {
				"north": {"uv": [10, 10, 11, 13.5], "texture": "#layer1", "tintindex": 0},
				"east": {"uv": [10, 10, 11, 13.5], "texture": "#layer1", "tintindex": 0},
				"south": {"uv": [10, 10, 11, 13.5], "texture": "#layer1", "tintindex": 0},
				"west": {"uv": [10, 10, 11, 13.5], "texture": "#layer1", "tintindex": 0},
				"up": {"uv": [10, 10, 11, 13.5], "texture": "#layer1", "tintindex": 0},
				"down": {"uv": [10, 10, 11, 13.5], "texture": "#layer1", "tintindex": 0}
			}
		},
		{
			"from": [0, 5, 6],
			"to": [4, 12, 6],
			"rotation": {"angle": -22.5, "axis": "z", "origin": [4, 12, 8]},
			"faces": {
				"north": {"uv": [13, 10, 14, 13.5], "texture": "#layer1", "tintindex": 0},
				"east": {"uv": [13, 10, 14, 13.5], "texture": "#layer1", "tintindex": 0},
				"south": {"uv": [14, 10, 13, 13.5], "texture": "#layer1", "tintindex": 0},
				"west": {"uv": [13, 10, 14, 13.5], "texture": "#layer1", "tintindex": 0},
				"up": {"uv": [13, 10, 14, 13.5], "texture": "#layer1", "tintindex": 0},
				"down": {"uv": [13, 10, 14, 13.5], "texture": "#layer1", "tintindex": 0}
			}
		},
		{
			"from": [0, 5, 10],
			"to": [4, 12, 10],
			"rotation": {"angle": -22.5, "axis": "z", "origin": [4, 12, 8]},
			"faces": {
				"north": {"uv": [12, 10, 11, 13.5], "texture": "#layer1", "tintindex": 0},
				"east": {"uv": [11, 10, 12, 13.5], "texture": "#layer1", "tintindex": 0},
				"south": {"uv": [11, 10, 12, 13.5], "texture": "#layer1", "tintindex": 0},
				"west": {"uv": [11, 10, 12, 13.5], "texture": "#layer1", "tintindex": 0},
				"up": {"uv": [11, 10, 12, 13.5], "texture": "#layer1", "tintindex": 0},
				"down": {"uv": [11, 10, 12, 13.5], "texture": "#layer1", "tintindex": 0}
			}
		},
		{
			"from": [12, 5, 10],
			"to": [16, 12, 10],
			"rotation": {"angle": 22.5, "axis": "z", "origin": [12, 12, 8]},
			"faces": {
				"north": {"uv": [11, 10, 12, 13.5], "texture": "#layer1", "tintindex": 0},
				"east": {"uv": [11, 10, 12, 13.5], "texture": "#layer1", "tintindex": 0},
				"south": {"uv": [12, 10, 11, 13.5], "texture": "#layer1", "tintindex": 0},
				"west": {"uv": [11, 10, 12, 13.5], "texture": "#layer1", "tintindex": 0},
				"up": {"uv": [11, 10, 12, 13.5], "texture": "#layer1", "tintindex": 0},
				"down": {"uv": [11, 10, 12, 13.5], "texture": "#layer1", "tintindex": 0}
			}
		},
		{
			"from": [12, 5, 6],
			"to": [12, 12, 10],
			"rotation": {"angle": 22.5, "axis": "z", "origin": [12, 12, 8]},
			"faces": {
				"north": {"uv": [12, 10, 13, 13.5], "texture": "#layer1", "tintindex": 0},
				"east": {"uv": [12, 10, 13, 13.5], "texture": "#layer1", "tintindex": 0},
				"south": {"uv": [12, 10, 13, 13.5], "texture": "#layer1", "tintindex": 0},
				"west": {"uv": [12, 10, 13, 13.5], "texture": "#layer1", "tintindex": 0},
				"up": {"uv": [12, 10, 13, 13.5], "texture": "#layer1", "tintindex": 0},
				"down": {"uv": [12, 10, 13, 13.5], "texture": "#layer1", "tintindex": 0}
			}
		},
		{
			"from": [12, 5, 6],
			"to": [16, 12, 6],
			"rotation": {"angle": 22.5, "axis": "z", "origin": [12, 12, 8]},
			"faces": {
				"north": {"uv": [14, 10, 13, 13.5], "texture": "#layer1", "tintindex": 0},
				"east": {"uv": [14, 10, 13, 13.5], "texture": "#layer1", "tintindex": 0},
				"south": {"uv": [13, 10, 14, 13.5], "texture": "#layer1", "tintindex": 0},
				"west": {"uv": [14, 10, 13, 13.5], "texture": "#layer1", "tintindex": 0},
				"up": {"uv": [14, 10, 13, 13.5], "texture": "#layer1", "tintindex": 0},
				"down": {"uv": [14, 10, 13, 13.5], "texture": "#layer1", "tintindex": 0}
			}
		},
		{
			"from": [16, 5, 6],
			"to": [16, 12, 10],
			"rotation": {"angle": 22.5, "axis": "z", "origin": [12, 12, 8]},
			"faces": {
				"north": {"uv": [10, 10, 11, 13.5], "texture": "#layer1", "tintindex": 0},
				"east": {"uv": [10, 10, 11, 13.5], "texture": "#layer1", "tintindex": 0},
				"south": {"uv": [10, 10, 11, 13.5], "texture": "#layer1", "tintindex": 0},
				"west": {"uv": [10, 10, 11, 13.5], "texture": "#layer1", "tintindex": 0},
				"up": {"uv": [10, 10, 11, 13.5], "texture": "#layer1", "tintindex": 0},
				"down": {"uv": [10, 10, 11, 13.5], "texture": "#layer1", "tintindex": 0}
			}
		},
		{
			"from": [12, 12, 6],
			"to": [16, 12, 10],
			"rotation": {"angle": 22.5, "axis": "z", "origin": [12, 12, 8]},
			"faces": {
				"north": {"uv": [12, 10, 11, 8], "texture": "#layer1", "tintindex": 0},
				"east": {"uv": [12, 10, 11, 8], "texture": "#layer1", "tintindex": 0},
				"south": {"uv": [12, 10, 11, 8], "texture": "#layer1", "tintindex": 0},
				"west": {"uv": [12, 10, 11, 8], "texture": "#layer1", "tintindex": 0},
				"up": {"uv": [12, 10, 11, 8], "texture": "#layer1", "tintindex": 0},
				"down": {"uv": [12, 10, 11, 8], "texture": "#layer1", "tintindex": 0}
			}
		},
		{
			"from": [0, 12, 6],
			"to": [4, 12, 10],
			"rotation": {"angle": -22.5, "axis": "z", "origin": [4, 12, 8]},
			"faces": {
				"north": {"uv": [11, 10, 12, 8], "texture": "#layer1", "tintindex": 0},
				"east": {"uv": [11, 10, 12, 8], "texture": "#layer1", "tintindex": 0},
				"south": {"uv": [11, 10, 12, 8], "texture": "#layer1", "tintindex": 0},
				"west": {"uv": [11, 10, 12, 8], "texture": "#layer1", "tintindex": 0},
				"up": {"uv": [11, 10, 12, 8], "texture": "#layer1", "tintindex": 0},
				"down": {"uv": [11, 10, 12, 8], "texture": "#layer1", "tintindex": 0}
			}
		}
	],
"gui_light": "side",
    "display": {
        "gui": {
            "rotation": [ 30, 225, 0 ],
            "translation": [ 0, 0, 0],
            "scale":[ 0.8, 0.8, 0.8 ]
        },
        "ground": {
            "rotation": [ 0, 0, 0 ],
            "translation": [ 0, 3, 0],
            "scale":[ 0.75, 0.75, 0.75 ]
        },
        "fixed": {
            "rotation": [ 0, 0, 0 ],
            "translation": [ 0, 0, 0],
            "scale":[ 0.5, 0.5, 0.5 ]
        },
        "thirdperson_righthand": {
            "rotation": [ 75, 45, 0 ],
            "translation": [ 0, 2.5, 0],
            "scale": [ 0.625, 0.625, 0.625 ]
        },
        "firstperson_righthand": {
            "rotation": [ 0, 45, 0 ],
            "translation": [ 0, 0, 0 ],
            "scale": [ 0.80, 0.80, 0.80 ]
        },
        "firstperson_lefthand": {
            "rotation": [ 0, 225, 0 ],
            "translation": [ 0, 0, 0 ],
            "scale": [ 0.80, 0.80, 0.80 ]
        }
    }
}